Title,Company,location
Web Developer,Hebat Consulting,Bandar Lampung
Full Stack Developer,Superink Pte Ltd,Batam
Junior Web Developer,HACKLAB ROCKS,Yogyakarta
Web Developer,Ziptango,Jakarta
Front End Developer Appinzpire,PT. APP INTI MEDIA,Jakarta
Frontend Developer (Remote Work),EUNOIA PTE. LTD.,Jakarta
Web Developer,PT Qwords Company International,Yogyakarta+1 lokasi
Web Developer,Bimasakti Multi Sinergi,Sidoarjo
"BaruFront End Web Developer Project Based, PT Dyandra Promosindo",Kompas Gramedia,Jakarta
Web Developer,Monotaro,Jakarta
Web Front End Developer,Mitrais,Indonesia
Web dan Aplikasi Developer,PT Idekreatif Menusa Teknologi,Bandung
Web Developer,EYESIMPLE,Surabaya
Fronted End Developer,PT. BITS MILIARTHA (bee.id),Surabaya
Web Developer,Lattice Teknologi Mandiri,Bandung
Web Developer,PT. Prima Vista Solusi,Jakarta
Lowongan Web Developer Engineer,Pilar Wahana Artha,Bandung
BaruBack End Developer,PT. Infra Solusi Indonesia,Tangerang
BaruDatabase Developer,Demolytic,Jakarta
FULLSTACK DEVELOPER,Ragam Solusi Indonesia,Bekasi
WEB DEVELOPER,Sinar Baja Electric,Surabaya
Web Developer,MNC,Jakarta
Web Developer,Ziptango,Jakarta
Full Stack Web Developer,PT Widya Informasi Nusantara,Yogyakarta
"Senior Associate, SRE Developer",DBS Bank,Indonesia
Web Developer,EYESIMPLE,Surabaya
BaruFront-end Developer,Demolytic,Jakarta
Web Developer,Mediantara Kreasindo,West Java
Software Developer,PT SUPER SPRING,Jakarta
Web Developer,Dakota Buana Semesta PT,Bekasi
BaruFront End Developer,PT. TRANSINDO DATA PERKASA,Bandung
BaruIT DEVELOPER,Champion Printing CV,Yogyakarta
Web Developer,DETIKcom,Jakarta
Front-end Developer,Vi8e Interactive,Surabaya
Junior Software Developer,Savant Degrees Pte Ltd,Indonesia
Fronted End Developer,PT. BITS MILIARTHA (bee.id),Surabaya
Web Developer,Sindo News,Jakarta
FULLSTACK DEVELOPER,Cartenz Group,Jakarta
"BaruFront End Developer (ReactJS, NextJS, VueJS)",PGI Data,Jakarta
Front End Developer Appinzpire,PT. APP INTI MEDIA,Jakarta
Lowongan Back-End Developer (Remote),RAGGAM,Jakarta
Front End Developer,ZettaByte Pte. Ltd.,Yogyakarta
Senior PHP Web Developer,Vi8e Interactive,Surabaya
Web dan Aplikasi Developer,PT Idekreatif Menusa Teknologi,Bandung
Web Developer,Bali Gatra,Denpasar
Lowongan Back-End Developer (Remote),RAGGAM,Jakarta
FRONT-END DEVELOPER,GITS Indonesia,Bandung
Web Developer,PT Alkemistri Seniwara,Jakarta
BaruWeb Programmer,Demolytic,Jakarta
Web Developer,PT Quorum Pacific,Tangerang
Design Graphic,PT.Biokissed Naturals Indonesia,Denpasar
WEB DEVELOPER,Pt. Ready Technovation,Surabaya
Web Developer,Sindo News,Jakarta
WEB DEVELOPER,Gaudi Clothing,Jakarta
Digital Graphic Designer,IWG E-SPORTS SDN BHD,Jakarta
Junior Web Developer,Kitameraki Limited,Jakarta
IT Front End Developer,Kolabora Group,Tangerang
BaruPython Developer,Demolytic,Jakarta
Web Developer,1001malam.com,Surabaya
Web Developer,Bali Staff Solutions,Jakarta
BaruDatabase Developer,Demolytic,Jakarta
Back End Developer Ideku,PT. APP INTI MEDIA,Tangerang
Web Developer,Bali Staff Solutions,Jakarta
Senior UX Designer (Remote),HappyFresh,Jakarta
Senior Web Developer,Valdo Investama,Jakarta
Web Developer,EYESIMPLE,Surabaya
BaruWeb & Content Develope,PT. Prodata Sistem Teknologi,Jakarta
Software Developer,PT SUPER SPRING,Jakarta
Front End Developer,ZettaByte Pte. Ltd.,Yogyakarta
BaruSenior Python Developer,Demolytic,Jakarta
Design Graphic,PT.Biokissed Naturals Indonesia,Denpasar
Frontend Web Developer,Netzme,Jakarta
Digital Graphic Designer,IWG E-SPORTS SDN BHD,Jakarta
Web Developer,PT Alkemistri Seniwara,Jakarta
Software Developer,Netika Indonesia,Jakarta
